{
  "auth": {
    "oauth2": {
      "scopes": {
        "https://www.googleapis.com/auth/cloud-platform": {
          "description": "View and manage your data across Google Cloud Platform services"
        }
      }
    }
  },
  "basePath": "",
  "baseUrl": "https://redis.googleapis.com/",
  "batchPath": "batch",
  "canonicalName": "Cloud Redis",
  "description": "Creates and manages Redis instances on the Google Cloud Platform.",
  "discoveryVersion": "v1",
  "documentationLink": "https://cloud.google.com/memorystore/docs/redis/",
  "fullyEncodeReservedExpansion": true,
  "icons": {
    "x16": "http://www.google.com/images/icons/product/search-16.gif",
    "x32": "http://www.google.com/images/icons/product/search-32.gif"
  },
  "id": "redis:v1",
  "kind": "discovery#restDescription",
  "name": "redis",
  "ownerDomain": "google.com",
  "ownerName": "Google",
  "parameters": {
    "$.xgafv": {
      "description": "V1 error format.",
      "enum": [
        "1",
        "2"
      ],
      "enumDescriptions": [
        "v1 error format",
        "v2 error format"
      ],
      "location": "query",
      "type": "string"
    },
    "access_token": {
      "description": "OAuth access token.",
      "location": "query",
      "type": "string"
    },
    "alt": {
      "default": "json",
      "description": "Data format for response.",
      "enum": [
        "json",
        "media",
        "proto"
      ],
      "enumDescriptions": [
        "Responses with Content-Type of application/json",
        "Media download with context-dependent Content-Type",
        "Responses with Content-Type of application/x-protobuf"
      ],
      "location": "query",
      "type": "string"
    },
    "callback": {
      "description": "JSONP",
      "location": "query",
      "type": "string"
    },
    "fields": {
      "description": "Selector specifying which fields to include in a partial response.",
      "location": "query",
      "type": "string"
    },
    "key": {
      "description": "API key. Your API key identifies your project and provides you with API access, quota, and reports. Required unless you provide an OAuth 2.0 token.",
      "location": "query",
      "type": "string"
    },
    "oauth_token": {
      "description": "OAuth 2.0 token for the current user.",
      "location": "query",
      "type": "string"
    },
    "prettyPrint": {
      "default": "true",
      "description": "Returns response with indentations and line breaks.",
      "location": "query",
      "type": "boolean"
    },
    "quotaUser": {
      "description": "Available to use for quota purposes for server-side applications. Can be any arbitrary string assigned to a user, but should not exceed 40 characters.",
      "location": "query",
      "type": "string"
    },
    "uploadType": {
      "description": "Legacy upload protocol for media (e.g. \"media\", \"multipart\").",
      "location": "query",
      "type": "string"
    },
    "upload_protocol": {
      "description": "Upload protocol for media (e.g. \"raw\", \"multipart\").",
      "location": "query",
      "type": "string"
    }
  },
  "protocol": "rest",
  "resources": {
    "projects": {
      "resources": {
        "locations": {
          "methods": {
            "get": {
              "description": "Gets information about a location.",
              "flatPath": "v1/projects/{projectsId}/locations/{locationsId}",
              "httpMethod": "GET",
              "id": "redis.projects.locations.get",
              "parameterOrder": [
                "name"
              ],
              "parameters": {
                "name": {
                  "description": "Resource name for the location.",
                  "location": "path",
                  "pattern": "^projects/[^/]+/locations/[^/]+$",
                  "required": true,
                  "type": "string"
                }
              },
              "path": "v1/{+name}",
              "response": {
                "$ref": "Location"
              },
              "scopes": [
                "https://www.googleapis.com/auth/cloud-platform"
              ]
            },
            "list": {
              "description": "Lists information about the supported locations for this service.",
              "flatPath": "v1/projects/{projectsId}/locations",
              "httpMethod": "GET",
              "id": "redis.projects.locations.list",
              "parameterOrder": [
                "name"
              ],
              "parameters": {
                "filter": {
                  "description": "The standard list filter.",
                  "location": "query",
                  "type": "string"
                },
                "name": {
                  "description": "The resource that owns the locations collection, if applicable.",
                  "location": "path",
                  "pattern": "^projects/[^/]+$",
                  "required": true,
                  "type": "string"
                },
                "pageSize": {
                  "description": "The standard list page size.",
                  "format": "int32",
                  "location": "query",
                  "type": "integer"
                },
                "pageToken": {
                  "description": "The standard list page token.",
                  "location": "query",
                  "type": "string"
                }
              },
              "path": "v1/{+name}/locations",
              "response": {
                "$ref": "ListLocationsResponse"
              },
              "scopes": [
                "https://www.googleapis.com/auth/cloud-platform"
              ]
            }
          },
          "resources": {
            "instances": {
              "methods": {
                "create": {
                  "description": "Creates a Redis instance based on the specified tier and memory size.\n\nBy default, the instance is accessible from the project's\n[default network](/compute/docs/networks-and-firewalls#networks).\n\nThe creation is executed asynchronously and callers may check the returned\noperation to track its progress. Once the operation is completed the Redis\ninstance will be fully functional. Completed longrunning.Operation will\ncontain the new instance object in the response field.\n\nThe returned operation is automatically deleted after a few hours, so there\nis no need to call DeleteOperation.",
                  "flatPath": "v1/projects/{projectsId}/locations/{locationsId}/instances",
                  "httpMethod": "POST",
                  "id": "redis.projects.locations.instances.create",
                  "parameterOrder": [
                    "parent"
                  ],
                  "parameters": {
                    "instanceId": {
                      "description": "Required. The logical name of the Redis instance in the customer project\nwith the following restrictions:\n\n* Must contain only lowercase letters, numbers, and hyphens.\n* Must start with a letter.\n* Must be between 1-40 characters.\n* Must end with a number or a letter.\n* Must be unique within the customer project / location",
                      "location": "query",
                      "type": "string"
                    },
                    "parent": {
                      "description": "Required. The resource name of the instance location using the form:\n    `projects/{project_id}/locations/{location_id}`\nwhere `location_id` refers to a GCP region",
                      "location": "path",
                      "pattern": "^projects/[^/]+/locations/[^/]+$",
                      "required": true,
                      "type": "string"
                    }
                  },
                  "path": "v1/{+parent}/instances",
                  "request": {
                    "$ref": "Instance"
                  },
                  "response": {
                    "$ref": "Operation"
                  },
                  "scopes": [
                    "https://www.googleapis.com/auth/cloud-platform"
                  ]
                },
                "delete": {
                  "description": "Deletes a specific Redis instance.  Instance stops serving and data is\ndeleted.",
                  "flatPath": "v1/projects/{projectsId}/locations/{locationsId}/instances/{instancesId}",
                  "httpMethod": "DELETE",
                  "id": "redis.projects.locations.instances.delete",
                  "parameterOrder": [
                    "name"
                  ],
                  "parameters": {
                    "name": {
                      "description": "Required. Redis instance resource name using the form:\n    `projects/{project_id}/locations/{location_id}/instances/{instance_id}`\nwhere `location_id` refers to a GCP region",
                      "location": "path",
                      "pattern": "^projects/[^/]+/locations/[^/]+/instances/[^/]+$",
                      "required": true,
                      "type": "string"
                    }
                  },
                  "path": "v1/{+name}",
                  "response": {
                    "$ref": "Operation"
                  },
                  "scopes": [
                    "https://www.googleapis.com/auth/cloud-platform"
                  ]
                },
                "get": {
                  "description": "Gets the details of a specific Redis instance.",
                  "flatPath": "v1/projects/{projectsId}/locations/{locationsId}/instances/{instancesId}",
                  "httpMethod": "GET",
                  "id": "redis.projects.locations.instances.get",
                  "parameterOrder": [
                    "name"
                  ],
                  "parameters": {
                    "name": {
                      "description": "Required. Redis instance resource name using the form:\n    `projects/{project_id}/locations/{location_id}/instances/{instance_id}`\nwhere `location_id` refers to a GCP region",
                      "location": "path",
                      "pattern": "^projects/[^/]+/locations/[^/]+/instances/[^/]+$",
                      "required": true,
                      "type": "string"
                    }
                  },
                  "path": "v1/{+name}",
                  "response": {
                    "$ref": "Instance"
                  },
                  "scopes": [
                    "https://www.googleapis.com/auth/cloud-platform"
                  ]
                },
                "list": {
                  "description": "Lists all Redis instances owned by a project in either the specified\nlocation (region) or all locations.\n\nThe location should have the following format:\n* `projects/{project_id}/locations/{location_id}`\n\nIf `location_id` is specified as `-` (wildcard), then all regions\navailable to the project are queried, and the results are aggregated.",
                  "flatPath": "v1/projects/{projectsId}/locations/{locationsId}/instances",
                  "httpMethod": "GET",
                  "id": "redis.projects.locations.instances.list",
                  "parameterOrder": [
                    "parent"
                  ],
                  "parameters": {
                    "pageSize": {
                      "description": "The maximum number of items to return.\n\nIf not specified, a default value of 1000 will be used by the service.\nRegardless of the page_size value, the response may include a partial list\nand a caller should only rely on response's\nnext_page_token\nto determine if there are more instances left to be queried.",
                      "format": "int32",
                      "location": "query",
                      "type": "integer"
                    },
                    "pageToken": {
                      "description": "The next_page_token value returned from a previous List request,\nif any.",
                      "location": "query",
                      "type": "string"
                    },
                    "parent": {
                      "description": "Required. The resource name of the instance location using the form:\n    `projects/{project_id}/locations/{location_id}`\nwhere `location_id` refers to a GCP region",
                      "location": "path",
                      "pattern": "^projects/[^/]+/locations/[^/]+$",
                      "required": true,
                      "type": "string"
                    }
                  },
                  "path": "v1/{+parent}/instances",
                  "response": {
                    "$ref": "ListInstancesResponse"
                  },
                  "scopes": [
                    "https://www.googleapis.com/auth/cloud-platform"
                  ]
                },
                "patch": {
                  "description": "Updates the metadata and configuration of a specific Redis instance.\n\nCompleted longrunning.Operation will contain the new instance object\nin the response field. The returned operation is automatically deleted\nafter a few hours, so there is no need to call DeleteOperation.",
                  "flatPath": "v1/projects/{projectsId}/locations/{locationsId}/instances/{instancesId}",
                  "httpMethod": "PATCH",
                  "id": "redis.projects.locations.instances.patch",
                  "parameterOrder": [
                    "name"
                  ],
                  "parameters": {
                    "name": {
                      "description": "Required. Unique name of the resource in this scope including project and\nlocation using the form:\n    `projects/{project_id}/locations/{location_id}/instances/{instance_id}`\n\nNote: Redis instances are managed and addressed at regional level so\nlocation_id here refers to a GCP region; however, users may choose which\nspecific zone (or collection of zones for cross-zone instances) an instance\nshould be provisioned in. Refer to [location_id] and\n[alternative_location_id] fields for more details.",
                      "location": "path",
                      "pattern": "^projects/[^/]+/locations/[^/]+/instances/[^/]+$",
                      "required": true,
                      "type": "string"
                    },
                    "updateMask": {
                      "description": "Required. Mask of fields to update. At least one path must be supplied in\nthis field. The elements of the repeated paths field may only include these\nfields from Instance:\n\n *   `displayName`\n *   `labels`\n *   `memorySizeGb`\n *   `redisConfig`",
                      "format": "google-fieldmask",
                      "location": "query",
                      "type": "string"
                    }
                  },
                  "path": "v1/{+name}",
                  "request": {
                    "$ref": "Instance"
                  },
                  "response": {
                    "$ref": "Operation"
                  },
                  "scopes": [
                    "https://www.googleapis.com/auth/cloud-platform"
                  ]
                }
              }
            },
            "operations": {
              "methods": {
                "cancel": {
                  "description": "Starts asynchronous cancellation on a long-running operation.  The server\nmakes a best effort to cancel the operation, but success is not\nguaranteed.  If the server doesn't support this method, it returns\n`google.rpc.Code.UNIMPLEMENTED`.  Clients can use\nOperations.GetOperation or\nother methods to check whether the cancellation succeeded or whether the\noperation completed despite cancellation. On successful cancellation,\nthe operation is not deleted; instead, it becomes an operation with\nan Operation.error value with a google.rpc.Status.code of 1,\ncorresponding to `Code.CANCELLED`.",
                  "flatPath": "v1/projects/{projectsId}/locations/{locationsId}/operations/{operationsId}:cancel",
                  "httpMethod": "POST",
                  "id": "redis.projects.locations.operations.cancel",
                  "parameterOrder": [
                    "name"
                  ],
                  "parameters": {
                    "name": {
                      "description": "The name of the operation resource to be cancelled.",
                      "location": "path",
                      "pattern": "^projects/[^/]+/locations/[^/]+/operations/[^/]+$",
                      "required": true,
                      "type": "string"
                    }
                  },
                  "path": "v1/{+name}:cancel",
                  "response": {
                    "$ref": "Empty"
                  },
                  "scopes": [
                    "https://www.googleapis.com/auth/cloud-platform"
                  ]
                },
                "delete": {
                  "description": "Deletes a long-running operation. This method indicates that the client is\nno longer interested in the operation result. It does not cancel the\noperation. If the server doesn't support this method, it returns\n`google.rpc.Code.UNIMPLEMENTED`.",
                  "flatPath": "v1/projects/{projectsId}/locations/{locationsId}/operations/{operationsId}",
                  "httpMethod": "DELETE",
                  "id": "redis.projects.locations.operations.delete",
                  "parameterOrder": [
                    "name"
                  ],
                  "parameters": {
                    "name": {
                      "description": "The name of the operation resource to be deleted.",
                      "location": "path",
                      "pattern": "^projects/[^/]+/locations/[^/]+/operations/[^/]+$",
                      "required": true,
                      "type": "string"
                    }
                  },
                  "path": "v1/{+name}",
                  "response": {
                    "$ref": "Empty"
                  },
                  "scopes": [
                    "https://www.googleapis.com/auth/cloud-platform"
                  ]
                },
                "get": {
                  "description": "Gets the latest state of a long-running operation.  Clients can use this\nmethod to poll the operation result at intervals as recommended by the API\nservice.",
                  "flatPath": "v1/projects/{projectsId}/locations/{locationsId}/operations/{operationsId}",
                  "httpMethod": "GET",
                  "id": "redis.projects.locations.operations.get",
                  "parameterOrder": [
                    "name"
                  ],
                  "parameters": {
                    "name": {
                      "description": "The name of the operation resource.",
                      "location": "path",
                      "pattern": "^projects/[^/]+/locations/[^/]+/operations/[^/]+$",
                      "required": true,
                      "type": "string"
                    }
                  },
                  "path": "v1/{+name}",
                  "response": {
                    "$ref": "Operation"
                  },
                  "scopes": [
                    "https://www.googleapis.com/auth/cloud-platform"
                  ]
                },
                "list": {
                  "description": "Lists operations that match the specified filter in the request. If the\nserver doesn't support this method, it returns `UNIMPLEMENTED`.\n\nNOTE: the `name` binding allows API services to override the binding\nto use different resource name schemes, such as `users/*/operations`. To\noverride the binding, API services can add a binding such as\n`\"/v1/{name=users/*}/operations\"` to their service configuration.\nFor backwards compatibility, the default name includes the operations\ncollection id, however overriding users must ensure the name binding\nis the parent resource, without the operations collection id.",
                  "flatPath": "v1/projects/{projectsId}/locations/{locationsId}/operations",
                  "httpMethod": "GET",
                  "id": "redis.projects.locations.operations.list",
                  "parameterOrder": [
                    "name"
                  ],
                  "parameters": {
                    "filter": {
                      "description": "The standard list filter.",
                      "location": "query",
                      "type": "string"
                    },
                    "name": {
                      "description": "The name of the operation's parent resource.",
                      "location": "path",
                      "pattern": "^projects/[^/]+/locations/[^/]+$",
                      "required": true,
                      "type": "string"
                    },
                    "pageSize": {
                      "description": "The standard list page size.",
                      "format": "int32",
                      "location": "query",
                      "type": "integer"
                    },
                    "pageToken": {
                      "description": "The standard list page token.",
                      "location": "query",
                      "type": "string"
                    }
                  },
                  "path": "v1/{+name}/operations",
                  "response": {
                    "$ref": "ListOperationsResponse"
                  },
                  "scopes": [
                    "https://www.googleapis.com/auth/cloud-platform"
                  ]
                }
              }
            }
          }
        }
      }
    }
  },
  "revision": "20181203",
  "rootUrl": "https://redis.googleapis.com/",
  "schemas": {
    "Empty": {
      "description": "A generic empty message that you can re-use to avoid defining duplicated\nempty messages in your APIs. A typical example is to use it as the request\nor the response type of an API method. For instance:\n\n    service Foo {\n      rpc Bar(google.protobuf.Empty) returns (google.protobuf.Empty);\n    }\n\nThe JSON representation for `Empty` is empty JSON object `{}`.",
      "id": "Empty",
      "properties": {},
      "type": "object"
    },
    "GoogleCloudRedisV1LocationMetadata": {
      "description": "This location metadata represents additional configuration options for a\ngiven location where a Redis instance may be created. All fields are output\nonly. It is returned as content of the\n`google.cloud.location.Location.metadata` field.",
      "id": "GoogleCloudRedisV1LocationMetadata",
      "properties": {
        "availableZones": {
          "additionalProperties": {
            "$ref": "GoogleCloudRedisV1ZoneMetadata"
          },
          "description": "Output only. The set of available zones in the location. The map is keyed\nby the lowercase ID of each zone, as defined by GCE. These keys can be\nspecified in `location_id` or `alternative_location_id` fields when\ncreating a Redis instance.",
          "type": "object"
        }
      },
      "type": "object"
    },
    "GoogleCloudRedisV1OperationMetadata": {
      "description": "Represents the v1 metadata of the long-running operation.",
      "id": "GoogleCloudRedisV1OperationMetadata",
      "properties": {
        "apiVersion": {
          "description": "API version.",
          "type": "string"
        },
        "cancelRequested": {
          "description": "Specifies if cancellation was requested for the operation.",
          "type": "boolean"
        },
        "createTime": {
          "description": "Creation timestamp.",
          "format": "google-datetime",
          "type": "string"
        },
        "endTime": {
          "description": "End timestamp.",
          "format": "google-datetime",
          "type": "string"
        },
        "statusDetail": {
          "description": "Operation status details.",
          "type": "string"
        },
        "target": {
          "description": "Operation target.",
          "type": "string"
        },
        "verb": {
          "description": "Operation verb.",
          "type": "string"
        }
      },
      "type": "object"
    },
    "GoogleCloudRedisV1ZoneMetadata": {
      "description": "Defines specific information for a particular zone. Currently empty and\nreserved for future use only.",
      "id": "GoogleCloudRedisV1ZoneMetadata",
      "properties": {},
      "type": "object"
    },
    "Instance": {
      "description": "A Google Cloud Redis instance.",
      "id": "Instance",
      "properties": {
        "alternativeLocationId": {
          "description": "Optional. Only applicable to STANDARD_HA tier which protects the instance\nagainst zonal failures by provisioning it across two zones. If provided, it\nmust be a different zone from the one provided in [location_id].",
          "type": "string"
        },
        "authorizedNetwork": {
          "description": "Optional. The full name of the Google Compute Engine\n[network](/compute/docs/networks-and-firewalls#networks) to which the\ninstance is connected. If left unspecified, the `default` network\nwill be used.",
          "type": "string"
        },
        "createTime": {
          "description": "Output only. The time the instance was created.",
          "format": "google-datetime",
          "type": "string"
        },
        "currentLocationId": {
          "description": "Output only. The current zone where the Redis endpoint is placed. For Basic\nTier instances, this will always be the same as the [location_id]\nprovided by the user at creation time. For Standard Tier instances,\nthis can be either [location_id] or [alternative_location_id] and can\nchange after a failover event.",
          "type": "string"
        },
        "displayName": {
          "description": "An arbitrary and optional user-provided name for the instance.",
          "type": "string"
        },
        "host": {
          "description": "Output only. Hostname or IP address of the exposed Redis endpoint used by\nclients to connect to the service.",
          "type": "string"
        },
        "labels": {
          "additionalProperties": {
            "type": "string"
          },
          "description": "Resource labels to represent user provided metadata",
          "type": "object"
        },
        "locationId": {
          "description": "Optional. The zone where the instance will be provisioned. If not provided,\nthe service will choose a zone for the instance. For STANDARD_HA tier,\ninstances will be created across two zones for protection against zonal\nfailures. If [alternative_location_id] is also provided, it must be\ndifferent from [location_id].",
          "type": "string"
        },
        "memorySizeGb": {
          "description": "Required. Redis memory size in GiB.",
          "format": "int32",
          "type": "integer"
        },
        "name": {
          "description": "Required. Unique name of the resource in this scope including project and\nlocation using the form:\n    `projects/{project_id}/locations/{location_id}/instances/{instance_id}`\n\nNote: Redis instances are managed and addressed at regional level so\nlocation_id here refers to a GCP region; however, users may choose which\nspecific zone (or collection of zones for cross-zone instances) an instance\nshould be provisioned in. Refer to [location_id] and\n[alternative_location_id] fields for more details.",
          "type": "string"
        },
        "port": {
          "description": "Output only. The port number of the exposed Redis endpoint.",
          "format": "int32",
          "type": "integer"
        },
        "redisConfigs": {
          "additionalProperties": {
            "type": "string"
          },
          "description": "Optional. Redis configuration parameters, according to\nhttp://redis.io/topics/config. Currently, the only supported parameters\nare:\n\n *   maxmemory-policy\n *   notify-keyspace-events",
          "type": "object"
        },
        "redisVersion": {
          "description": "Optional. The version of Redis software.\nIf not provided, latest supported version will be used. Updating the\nversion will perform an upgrade/downgrade to the new version. Currently,\nthe supported values are `REDIS_3_2` for Redis 3.2.",
          "type": "string"
        },
        "reservedIpRange": {
          "description": "Optional. The CIDR range of internal addresses that are reserved for this\ninstance. If not provided, the service will choose an unused /29 block,\nfor example, 10.0.0.0/29 or 192.168.0.0/29. Ranges must be unique\nand non-overlapping with existing subnets in an authorized network.",
          "type": "string"
        },
        "state": {
          "description": "Output only. The current state of this instance.",
          "enum": [
            "STATE_UNSPECIFIED",
            "CREATING",
            "READY",
            "UPDATING",
            "DELETING",
            "REPAIRING",
            "MAINTENANCE"
          ],
          "enumDescriptions": [
            "Not set.",
            "Redis instance is being created.",
            "Redis instance has been created and is fully usable.",
            "Redis instance configuration is being updated. Certain kinds of updates\nmay cause the instance to become unusable while the update is in\nprogress.",
            "Redis instance is being deleted.",
            "Redis instance is being repaired and may be unusable. Details can be\nfound in the `status_message` field.",
            "Maintenance is being performed on this Redis instance."
          ],
          "type": "string"
        },
        "statusMessage": {
          "description": "Output only. Additional information about the current status of this\ninstance, if available.",
          "type": "string"
        },
        "tier": {
          "description": "Required. The service tier of the instance.",
          "enum": [
            "TIER_UNSPECIFIED",
            "BASIC",
            "STANDARD_HA"
          ],
          "enumDescriptions": [
            "Not set.",
            "BASIC tier: standalone instance",
            "STANDARD_HA tier: highly available primary/replica instances"
          ],
          "type": "string"
        }
      },
      "type": "object"
    },
    "ListInstancesResponse": {
      "description": "Response for ListInstances.",
      "id": "ListInstancesResponse",
      "properties": {
        "instances": {
          "description": "A list of Redis instances in the project in the specified location,\nor across all locations.\n\nIf the `location_id` in the parent field of the request is \"-\", all regions\navailable to the project are queried, and the results aggregated.\nIf in such an aggregated query a location is unavailable, a dummy Redis\nentry is included in the response with the \"name\" field set to a value of\nthe form projects/{project_id}/locations/{location_id}/instances/- and the\n\"status\" field set to ERROR and \"status_message\" field set to \"location not\navailable for ListInstances\".",
          "items": {
            "$ref": "Instance"
          },
          "type": "array"
        },
        "nextPageToken": {
          "description": "Token to retrieve the next page of results, or empty if there are no more\nresults in the list.",
          "type": "string"
        },
        "unreachable": {
          "description": "Locations that could not be reached.",
          "items": {
            "type": "string"
          },
          "type": "array"
        }
      },
      "type": "object"
    },
    "ListLocationsResponse": {
      "description": "The response message for Locations.ListLocations.",
      "id": "ListLocationsResponse",
      "properties": {
        "locations": {
          "description": "A list of locations that matches the specified filter in the request.",
          "items": {
            "$ref": "Location"
          },
          "type": "array"
        },
        "nextPageToken": {
          "description": "The standard List next-page token.",
          "type": "string"
        }
      },
      "type": "object"
    },
    "ListOperationsResponse": {
      "description": "The response message for Operations.ListOperations.",
      "id": "ListOperationsResponse",
      "properties": {
        "nextPageToken": {
          "description": "The standard List next-page token.",
          "type": "string"
        },
        "operations": {
          "description": "A list of operations that matches the specified filter in the request.",
          "items": {
            "$ref": "Operation"
          },
          "type": "array"
        }
      },
      "type": "object"
    },
    "Location": {
      "description": "A resource that represents Google Cloud Platform location.",
      "id": "Location",
      "properties": {
        "displayName": {
          "description": "The friendly name for this location, typically a nearby city name.\nFor example, \"Tokyo\".",
          "type": "string"
        },
        "labels": {
          "additionalProperties": {
            "type": "string"
          },
          "description": "Cross-service attributes for the location. For example\n\n    {\"cloud.googleapis.com/region\": \"us-east1\"}",
          "type": "object"
        },
        "locationId": {
          "description": "Resource ID for the region. For example: \"us-east1\".",
          "type": "string"
        },
        "metadata": {
          "additionalProperties": {
            "description": "Properties of the object. Contains field @type with type URL.",
            "type": "any"
          },
          "description": "Output only. The set of available zones in the location. The map is keyed by the lowercase ID of each zone, as defined by Compute Engine. These keys can be specified in `location_id` or `alternative_location_id` fields when creating a Redis instance.",
          "type": "object"
        },
        "name": {
          "description": "Full resource name for the region. For example: \"projects/example-project/locations/us-east1\".",
          "type": "string"
        }
      },
      "type": "object"
    },
    "Operation": {
      "description": "This resource represents a long-running operation that is the result of a\nnetwork API call.",
      "id": "Operation",
      "properties": {
        "done": {
          "description": "If the value is `false`, it means the operation is still in progress.\nIf `true`, the operation is completed, and either `error` or `response` is\navailable.",
          "type": "boolean"
        },
        "error": {
          "$ref": "Status",
          "description": "The error result of the operation in case of failure or cancellation."
        },
        "metadata": {
          "additionalProperties": {
            "description": "Properties of the object. Contains field @type with type URL.",
            "type": "any"
          },
          "description": "{\n\n`createTime`: The time the operation was created.\n\n`endTime`: The time the operation finished running.\n\n`target`: Server-defined resource path for the target of the operation.\n\n`verb`: Name of the verb executed by the operation.\n\n`statusDetail`: Human-readable status of the operation, if any.\n\n`cancelRequested`: Identifies whether the user has requested cancellation of the operation. Operations that have successfully been cancelled have Operation.error value with a google.rpc.Status.code of 1, corresponding to `Code.CANCELLED`.\n\n`apiVersion`: API version used to start the operation.\n\n}",
          "type": "object"
        },
        "name": {
          "description": "The server-assigned name, which is only unique within the same service that\noriginally returns it. If you use the default HTTP mapping, the\n`name` should have the format of `operations/some/unique/name`.",
          "type": "string"
        },
        "response": {
          "additionalProperties": {
            "description": "Properties of the object. Contains field @type with type URL.",
            "type": "any"
          },
          "description": "The normal response of the operation in case of success.  If the original\nmethod returns no data on success, such as `Delete`, the response is\n`google.protobuf.Empty`.  If the original method is standard\n`Get`/`Create`/`Update`, the response should be the resource.  For other\nmethods, the response should have the type `XxxResponse`, where `Xxx`\nis the original method name.  For example, if the original method name\nis `TakeSnapshot()`, the inferred response type is\n`TakeSnapshotResponse`.",
          "type": "object"
        }
      },
      "type": "object"
    },
    "Status": {
      "description": "The `Status` type defines a logical error model that is suitable for different\nprogramming environments, including REST APIs and RPC APIs. It is used by\n[gRPC](https://github.com/grpc). The error model is designed to be:\n\n- Simple to use and understand for most users\n- Flexible enough to meet unexpected needs\n\n# Overview\n\nThe `Status` message contains three pieces of data: error code, error message,\nand error details. The error code should be an enum value of\ngoogle.rpc.Code, but it may accept additional error codes if needed.  The\nerror message should be a developer-facing English message that helps\ndevelopers *understand* and *resolve* the error. If a localized user-facing\nerror message is needed, put the localized message in the error details or\nlocalize it in the client. The optional error details may contain arbitrary\ninformation about the error. There is a predefined set of error detail types\nin the package `google.rpc` that can be used for common error conditions.\n\n# Language mapping\n\nThe `Status` message is the logical representation of the error model, but it\nis not necessarily the actual wire format. When the `Status` message is\nexposed in different client libraries and different wire protocols, it can be\nmapped differently. For example, it will likely be mapped to some exceptions\nin Java, but more likely mapped to some error codes in C.\n\n# Other uses\n\nThe error model and the `Status` message can be used in a variety of\nenvironments, either with or without APIs, to provide a\nconsistent developer experience across different environments.\n\nExample uses of this error model include:\n\n- Partial errors. If a service needs to return partial errors to the client,\n    it may embed the `Status` in the normal response to indicate the partial\n    errors.\n\n- Workflow errors. A typical workflow has multiple steps. Each step may\n    have a `Status` message for error reporting.\n\n- Batch operations. If a client uses batch request and batch response, the\n    `Status` message should be used directly inside batch response, one for\n    each error sub-response.\n\n- Asynchronous operations. If an API call embeds asynchronous operation\n    results in its response, the status of those operations should be\n    represented directly using the `Status` message.\n\n- Logging. If some API errors are stored in logs, the message `Status` could\n    be used directly after any stripping needed for security/privacy reasons.",
      "id": "Status",
      "properties": {
        "code": {
          "description": "The status code, which should be an enum value of google.rpc.Code.",
          "format": "int32",
          "type": "integer"
        },
        "details": {
          "description": "A list of messages that carry the error details.  There is a common set of\nmessage types for APIs to use.",
          "items": {
            "additionalProperties": {
              "description": "Properties of the object. Contains field @type with type URL.",
              "type": "any"
            },
            "type": "object"
          },
          "type": "array"
        },
        "message": {
          "description": "A developer-facing error message, which should be in English. Any\nuser-facing error message should be localized and sent in the\ngoogle.rpc.Status.details field, or localized by the client.",
          "type": "string"
        }
      },
      "type": "object"
    }
  },
  "servicePath": "",
  "title": "Google Cloud Memorystore for Redis API",
  "version": "v1",
  "version_module": true
}